Gene	Novel-Allele-Name	Novel-Allele-Sequence	Number-Donors-With	Number-Donors-Searched
TRAV1-1	05N	GGACAAAGCCTTGAGCAGCCCTCTGAAGTGACAGCTGTGGAAGGAGCCATTGTCCAGATAAACTGCACGTACCAGACATCTGGGTTTTATGGGCTGTCCTGGTACCAGCAACATGATGGCGGAGCACCCACATTTCTTTCTTACAATGGTCTGGATGGTTTGGAGGAGACAGGTCGTTTTTCTTCATTCCTTAGTCGCTCTGATAGTTATGGTTACCTCCTTCTACAGGAGCTCCAGATGAAAGACTCTGCCTCTTACTTCTGCGCTGTGAGAGA	1	2668
TRAV1-1	06N	GGACAAAGCCTTGAGCAGCCCTCTGAAGTGACAGCTGTGGAAGGAGCCATTGTCCAGATGAACTGCACGTACCAGACATCTGGGTTTTATGGGCTGTCCTGGTACCAGCAACATGATGGCGGAGCACCCACATTTCTTTCTTACAATGCTCTGGATGGTTTGGAGGAGACAGGTCGTTTTTCTTCATTCCTTAGTCGCTCTGATAGTTATGGTTACCTCCTTCTACAGGAGCTCCAGATGAAAGACTCTGCCTCTTACTTCTGCGCTGTGAGAGA	1	2668
TRAV10	06N	AAAAACCAAGTGGAGCAGAGTCCTCAGTCCCTGATCATCCTGGAGGGAAAGAACTGCACTCTTCAATGCAATTATACAGTGAGCCCCTTCAGCAACTTAAGGTGGTATAAGCAAGATACTGGGAGAGGTCCTGTTTCCCTGACAATCATGACTTTCAGTGAGAACACAAAGTCGAACAGAAGATATACAGCAACTCTGGATGCAGACACAAAGCAAAGCTCTCTGCACATCACAGCCTCCCAGCTCAGCGATTCAGCCTCCTACATCTGTGTGGTGAGCG	1	2668
TRAV13-2	06N	GGAGAGAGTGTGGGGCTGCATCTTCCTACCCTGAGTGTCCAGGAGGGTGACAACTCTATTATCAACTGTGCTTATTCAAACAGCGCCTCAGACTACTTCATTTGGTACAAGCAAGAATCTGGAAAAGGTCCTCAGTTCATTATAGACATTCGTTCAAATATGGACAAAAGGCAAGGCCAAAGAGTCACCGTTTTATTGAATAAGACAGTGAAACATCTCTCTCTGCAAATTGCAGCTACTCAACCTGGAGACTCAGCTGTCTACTTTTGTGCAGAGAATA	1	2668
TRAV13-2	07N	GGAGAGAATGTGGGGCTGCATCTTCCTACCCTGAGTGTCCAGGAGGGTGACAACTCTATTATCAACTGTGCTTATTCAAACAGCGCCTCAGACTACTTCATTTGGTACAAGCAAGAATCTGGAAAAGGTCCTCAATTCATTATAGACATTCGTTCAAATATGGACAAAAGGCAAGGCCAAAGAGTCACCGTTTTATTGAATAAGACAGTGAAACATCTCTCTCTGCAAATTGCAGCTACTCAACCTGGAGACTCAGCTGTCTACTTTTGTGCAGAGAATA	1	2668
TRAV19	05N	GCTCAGAAGGTAACTCAAGCGCAGACTGAAATTTCTGTGGTGGAGAAGGAGGATGTGACCTTGGACTGTGTGTATGAAACCCGTGATACTACTTATTACTTATTCTGGTACAAGCAACCACCAAGTGGAGAATTGGTTTTCCTTATTCGTCGGAACTCTTTTGATGAGCAAAATGAAATAAGTGGTCGGTATTCTTGGAACTTCCAGAAATCCACCAGTTCCTTCAACTTCACCATCACAGCCTCACAAGTCGTGGACTCAGCAGTATACTTCTGTGCTCTGAGTGAAGC	1	2668
TRAV3	04N	GCTCAGTCAGTGGCTCAGCCGGAAGATCAGGTCAAGGTTGCTGAAGGGAATCCTCTGACTGTGAAATGCACCTATTCAGTCTCTGGAAACCCTTATCTTTTTTGGTATGTTCAATACCCCAACCGAGGCCTCCAGTTCCTTCTGAAATACATCACAGGGGATAACCTGGTTAAAGGCAGCTATGGCTTTGAAGCTGAATTTAACAAGAGCCAAACCTCCTTCCACCTGAAGAAACCATCTGCCCTTGTGAGCGACTCCGCTTTGTACTTCTGTGCTGTGAGAGACA	1	2668
TRAV30	07N	CAACAACCAGTGCAGAGTCCTCAAGCCGTGATCCTCCGAGAAGGGGAAGATGCTGTCATCAACTGCAGTTCCTCCAAGGCTTTATATTCTGTACACTGGTACAGGCAGAAGCATGGTGAAGCACCCATCTTCCTGATGATATTACTGAAGGGTGGAGAACAGAAGGGTCATGACAAAATATCTGCTTCATTTAATGAAAAAAAGCAGCAAAGCTCCCTGTACCTTACGGCCTCCCAGCTCAGTTACTCAGGAACCTACTTCTGTGGCACAGAGA	1	2668
TRAV30	10N	CAACAACCAGTGCAGAGTCCTCAAGCCGTGATCCTCCGAGAAGGGGAAGATGCTGTCATCAACTGCAGTTCCTCCAAGGCTTTATATTCTGTACACTGGTACAGGCAGAAGCATGGTGAAGCACCCGTCTTCCTGATGATATTACTGAAGGGTGGAGAACAGAAGGGTCATGACAAAATATCTGCTTCATTTAATGAAAAAAAGCAGCAAAGCTCCCTGTACCTTACGGCCTCCCAGCTCAGTTACTCAGGAACCTACTTCTGTGGCACAGAGA	1	2668
TRAV30	11N	CAACAACCAGTGCAGAGTCCTCAAGCCGTGATCCTCCGAGAAGGGGAAGATGCTGTCATCAACTGCAGTTCCTCCAAGGCTTTATATTCTGTACACTGGTACAGGCAGAAGCATGGTGAAGCACCCGTCTTCCTGATGATATTACTGAAGGGTGGAGAACAGATGCGTCATGAAAAAATATCTGCTTCATTTAATGAAAAAAAGCAGCAAAGCTCCCTGTACCTTACGGCCTCCCAGCTCAGTTACTCAGGAACCTACTTCTGCGGCACAGAGA	1	2668
TRAV34	05N	AGCCAAGAACTGGAGCAGAGTCCTCAGTCCTTGATCGTCCAAGAGGGAAAGAATCTCACCATAAACTGCACGTCATCAAAGACGTTATATGGCTTATACTGGTATAAGCAAAAGTATGGTGAAGGTCTTATCTTCTTGATGATGCTACAGAAAGGTGGGGAAGAGAAAAGTCATGAAAAGATAACTGCCAAGTTGGATGAGAAAAAGCAGCAAAGTTCCCTGCATATCACAGCCTCCCAGCCCAGCCATGCAGGCACCTACCTCTGTGGAGCAGACA	1	2668
TRAV38-1	05N	GCCCAGACAGTCACTCAGTCTCAACCAGAGATGTCTGTGCAGGAGGCAGAGACTGTGACCCTGAGTTGCACATATGACACCAGTGAAAATAATTATTATTTGTTCTGGTACAAGCAGCCTCCCAGCAGGCAGATGATTCTCGTTATTCGCCAAGAAGCTTATAAGCAACAGAATGCAACGGAGAATCGTTTCTCTGTGAACTTCCAGAAAGCAGCCAAATCCTTCAGTCTCAAGATCTCAGACTCACAGCTGGGGGACACTGCGATGTATTTCTGTGCTTTCATGAAGCA	1	2668
TRAV38-1	08N	GCCCAGACAGTCACTCAGTCTCAACCAGAGATGTCTGTGCAGGAGGCAGAGACTGTGACCCTGAGTTGCACATATGACACCAGTGAGAGTAATTATTATTTGTTCTGGTACAAACAGCCTCCCAGCAGGCAGATGATTCTCGTTATTCGCCAAGAAGCTTATAAGCAACAGAATGCAACGGAGAATCGTTTCTCTGTGAACTTCCAGAAAGCAGCCAAATCCTTCAGTCTCAAGATCTCAGACTCACAGCTGGGGGACACTGCGATGTATTTCTGTGCTTTCATGAAGCA	1	2668
TRAV38-1	11N	GCCCAGACAGTCACTCAGTCTCAACCAGAGATGTCTGTGCAGGAGGCAGAGACTGTGACCCTGAGTTGCACATATGACACCAGTGAGAGTAATTATTATTTGTTCTGGTACAAACAGCCTCCCAGCAGGCAGATGATTCTCGTTATTCGCGAAGAAGCTTATAAGCAACAGAATGCAACGGAGAATCGTTTCTCTGTGAACTTCCAGAAAGCAGCCAAATCCTTCAGTCTCAAGATCTCAGACTCACAGCTGGGGGACACTGCGATGTATTTCTGTGCTTTCATGAAGCA	1	2668
TRAV39	05N	GAGCTGAAAGTGGAACAAAACCCTCTGTTCCTGAGCATGCAGGAGGGAAAAAACTATACCATCTACTGCAATTATTCAACCACTTCAGACAGACTGTATTGGTACAGGCAGGATCCTGGGAAAAGTCTGGAATCTCTGTTTGTGTTGCTATCAAATGGAGCAGTGAAGCAGGAGGGACGATTAATGGCCTCACTTGATACCAAAGCCCGTCTCAGCACCCTCCACATCACAGCTGCCGTGCATGACCTCTCTGCCACCTACTTCTGTGCCGTGGACG	1	2668
TRAV5	03N	GGAGAGGATGTAGAGCAGAGTCTTTTCCTGAGTGTCCGAGAGGGAGACAGCTCCGTTATAAACTGCACTTACACAGACAGCTCCTCCACCTACTTATACTGGTATAAGCAAGAACCTGGAGCAGGTCTCCAGTTGCTGACGTATATTTTTTCAAATATGGACATGAAACAAGACCAAAGACTCACTGTTCTATTGAATAAAAAGGATAAACATCTGTCTCTGCGCATTGCAGACACCCAGACTGGGGACTCAGCTATCTACTTCTGTGCAGAGAGTA	1	2668
TRAV6	08N	AGCCAAAAGATAGAACAGAATTCCGAGGCCCTGAACATTCAGGAGGGTAAAACGGCCACCCTGACCTGCAACTATACAAACTATTCTCCAGCATACTTACAGTGGTACCGACAAGATCCAGGAAGAGGCCCTGTTTTCTTGCTACTCATACGTGAAAATGAGAAAGAAAAAAGGAAAGAAAGACTGAAGGTCACCTTTGATACCACCCTTAAACAGAGTTTGTTTCATATCACAGCCTCCCAGCCTGCAGACTCAGCTACCTACCTCTGTGCTCTAGACA	1	2668
TRAV6	12N	AGCCAAAAGATAGAACAGAATTCCGAGGCCCTGAACATTCAGGAGGGTAAAACGGCCACCCTGACCTGCAACTATACAAACTATTCTCCAGCATACTTACAGTGGTACCGACAAGATCCAGGAAGAGGCCCTGTTTTCTTGCTACTTATACGTGAAAATGAGAAAGAAAAAAGGAAAGAAAGACTGAAGGTCACCTTTGATACCACCCTTAAACAGAGTTTGTTTCATATCACAGCCTCCCAGCCTGCAGACTCAGCTACCTACCTCTGTGCTCTAGACA	1	2668
TRAV8-1	05N	GCCCAGTCTGTGAGCCAGCATAACCACCACGTAATTCTCTCTGAAGCAGCCTCACTGGAGTTGGGATGCAACTATTCCTATGGTGGAACTGTTAATCTCTTCTGGTATGTCCAGTACCCTGGTCAACACCTTCAGCTTCTCCTCAAGTACTTTTCAGGGGATCCACTGGTTAAAGGCATCAAGGGCTTTGAGGCTGAATTTATAAAGAGTAAATTCTCCTTTAATCTGAGGAAACCCTCTGTGCAATGGAGTGACACAGCTGAGTACTTCTGTGCCGTGAATGC	1	2668
TRAV8-2	04N	GCCCAGTCGGTGACCCAGCTTGACAGCCACGTCTCTGTCTCTGAAGGAACCCCGGTGCTGCTGAGGTGCAACTACTCATCTTCTTATTCACCGTCTCTCTTCTGGTATGTGCAACACCCCAACAAAGGACTCCAGCTTCTCCTGAAGTACACATCAGCGGCCACCCTGGTTAAAGGTATCAACGGTTTTGAGGCTGAATTTAAGAAGAGTGAAACCTCCTTCCACCTGACGAAACCCTCAGCCCATATGAGCGACGCGGCTGAGTACTTCTGTGTTGTGAGTGA	1	2668
TRAV8-3	06N	GCCCAGTCAGTGACCCAGCCTGACATCCACATCACTGTCTCTGAAGGAGCCTCACTGGAGTTGAGATGTAACTATTCCTATGGGGCAACACCTTATCTCTTCTGGTATGTCCAGTCCCCCGGCCAAGGCCTCCAGCTGCTCCTGAAGTACTTTTCAGGAGACACTCTGGTTCAAGGCATTAAAGGCTTTGAGGCTGAATTTAAGAGGAGTCAATCTTCCTTCAACCTGAGGAAACCCTCTGTGCATTGGAGTGATGCTGCTGAGTACTTCTGTGCTGTGGGTGC	1	2668
TRAV8-4	08N	GCCCAGTCGGTGACCCAGCTTGGCAGCCACGTCTCTGTCTCTGAGGGAGCCCTGGTTCTGCTGAGGTGCAACTACTCATCGTCTGTTCCACCATATCTCTTCTGGTATGTGCAATACCCCAACCAAGGACTCCAGCTTCTCCTGAAGTACACATCAGCGGCCACCCTGGTTAAAGGCATCAACGGTTTTGAGGCTGAATTTAAGAAGAGTGAAACCTCCTTCCACCTGACGAAACCCTCAGCCCATATGAGCGACGCGGCTGAGTACTTCTGTGCTGTGAGTGA	1	2668
TRAV8-4	09N	GCCCAGTCGGTGACCCAGCTTGGCAGCCACGTCTCTGTCTCTGAGGGAGCCCTGGTTCTGCTGAGGTGCAACTACTCATCGTCTGTTCCACCATATCTCTTCTGGTATGTGCAATACCCCAACCAAGGACTCCAGCTTCTCCTGAAGTACACAACAGGGGCCACCCTGGTTAAAGGCATCAACGGTTTTGAGGCTGAATTTAAGAAGAGTGAAACCTCCTTCCACCTGACGAAACCCTCAGCCCATATGAGCGACGCGGCTGAGTACTTCTGTGCTGTGAGTGA	1	2668
TRAV8-4	10N	GCCCAGTCGGTGACCCAGCTTGGCAGCCACGTCTCTGTCTCTGAGGGAGCCCTGGTTCTGCTGAGGTGCAACTACTCATCGTCTGTTCCACCGTATCTCTTCTGGTATGTGCAATACCCCAACCAAGGACTCCAGCTTCTCCTGAAGTACACATCAGCGGCCACCCTGGTTAAAGGCATCAACGGTTTTGAGGCTGAATTTAAGAAGAGTGAAACCTCCTTCCACCTGACGAAACCCTCAGCCCATATGAGCGACGCGGCTGAGTACTTCTGTGCTGTGAGTGA	1	2668
TRAV8-4	11N	GCCCAGTCAGTGACCCAGCTTGGCAGCCACGTCTCTGTCTCTGAGGGAGCCCTGGTTCTGCTGAGGTGCAACTACTCATCGTCTGTTCCACCATATCTCTTCTGGTATGTGCAATACCCCAACCAAGGACTCCAGCTTCTCCTGAAGTACACATCAGCGGCCACCCTGGTTAAAGGCATCAACGGTTTTGAGGCTGAATTTAAGAAGAGTGAAACCTCCTTCCACCTGACGAAACCCTCAGCCCATATGAGCGACGCGGCTGAGTACTTCTGTGCTGTGAGTGA	1	2668
TRAV8-4	13N	GCCCAGTCGGTGACCCAGCTTGGCAGCCACCTCTCTGTCTCTGAGGGAGCCCTGGTTCTGCTGAGGTGCAACTACTCATCGTCTGTTCCACCATATCTCTTCTGGTATGTGCAATACCCCAACCAAGGACTCCAGCTTCTCCTGAAGTACACAACAGGGGCCACCCTGGTTAAAGGCATCAACGGTTTTGAGGCTGAATTTAAGAAGAGTGAAACCTCCTTCCACCTGACGAAACCCTCAGCCCATATGAGCGACGCGGCTGAGTACTTCTGTGCTGTGAGTGA	1	2668
TRAV8-4	14N	GCCCAGTCGGTGACCCAGCTTGGCAGCCACGTCTCTGTCTCTGAAGGAGCCCTGGTTCTGCTGAGGTGCAACTACTCATCGTCTGTTCCACCATATCTCTTCTGGTATGTGCAATACCCCAACCAAGGACTCCAGCTTCTCCTGAAGTACACATCAGCGGCCACCCTGGTTAAAGGCATCAACGATTTTGAGGCTGAATTTAAGAAGAGTGAAACCTCCTTCCACCTGACGAAACCCTCAGCCCATATGAGCGACGCGGCTGAGTACTTCTGTGCTGTGAGTGA	1	2668
TRAV8-4	15N	GCCCAGTCGGTGACCCAGCTTGGCAGCCACGTCTCTGTCTCTGAAGGAGCCCTGGTTCTGCTGAGGTGCAACTACTCATCGTCTGTTCCACCATATCTCTTCTGGTATGTGCAATACCCCAACCAAGGACTCCAGCTTCTCCTGAAGTACACATCAGCGGCCACCCTGGTTAAAGGCATCAACGGTTTTGAGGCTGAATTTAAGAAGAGTGAAACCTCCTTCCACCTGACGAAACCCTCAGCCCATATGAGGGACGCGGCTGAGTACTTCTGTGCTGTGAGTGA	1	2668
TRAV8-6	04N	GCCCAGTCTGTGACCCAGCTTGACAGCCAAGTCCCTGTCTTTGAAGAAGCCCCTGTGGAGCTGAGGTGCAACTACTCATCGTCTGTTTCAGTGTATCTCTTCTGGTATGTGCAATACCCCAACCAAGGACTCCAGCTTCTCCTGAAGTATTTATCAGGATCCACCCTGGTTAAAAGCATCAACGGTTTTGAGGCTGAATTTAACAAGAGTCAAACTTCCTTCCACTTGAGGAAACCCTCAGTCCATATAAGCGACACGGCTGAGTACTTCTGTGCTGTGAGTGA	1	2668
TRAV9-1	05N	GGAGATTCAGTGGTCCAGACAGAAGGCCAAGTGCTCCCCTCTGAAGGGGATTCCCTGATTGTGAACTGCTCCTATGAAACCACACAGTACCCTTCCCTTTTTTGGTTTGTCCAATATCCTGGAGAAGGTCCACAGCTCCACCTGAAAGCCATGAAGGCCAATGACAAGGGAAGGAACAAAGGTTTTGAAGCCATGTACCGTAAAGAAACCACTTCTTTCCACTTGGAGAAAGACTCAGTTCAAGAGTCAGACTCCGCTGTGTACTTCTGTGCTCTGAGTGA	1	2668
TRAV9-2	10N	GGAGATTCAGTGACCCAGATGGAAGGGCCAGTGACTCTCTCAGAAGAGGCCTGCCTGACTATAAACTGCACGTACACAGCCACAGGATACCCTTCCCTTTTCTGGTATGTCCAATATCCTGGAGAAGGTCTACAGCTCCTCCTGAAAGCCACGAAGGCTGATGACAAGGGAAGCAACAAAGGTTTTGAAGCCACATACCGTAAGGAAACCACTTCTTTCCACTTGGAGAAAGGCTCAGTTCAAGTGTCAGACTCAGCGGTGTACTTCTGTGCTCTGAGTGA	1	2668
TRAV9-2	11N	GGAGATTCAGTGACCCAGATGGAAGGGCCAGTGACTCTCTCAGAAGAGGCCTTCCTGACTATAAACTGCACGTACACAGCCACAGGATACCCTTCCCTTTTCTGGTATGTCCAATATCCTGGAGAAGGTCTACAGCTCCTCCTGAAAGCCACGAAGGCTGATGACAAGGGAAGCAACAAAGGTTTTGAAGCCACATACCGTAAGGAAACCACTTCTTTCCACTTGGAGAAAGGCTCAGTTCAAGTGTCAGACTCAGCGGTGTACTTCTGTGCTCTGAGTGA	1	2668
TRBV10-2	10N	GATGCTGGAATCACCCAGAGCCCAAGATACAAGATCACAGAGACAGGAAGGCAGGTGACCTTGATGTGTCACCAGACTTGGAGCCACAGCTATATGTTCTGGTATCGACAAGACCTGGGACATGGGCTGAGGCTGATCTATTACTCAGCAGCTGCTGATATTACAGATAAAGGAGAAGTCTCCGATGGCTATGTTGTCTCCAGATCCAAGACAGAGAATTTCCCCCTCACTCTGGAGTCAGCTACCCGCTCCCAGACATCTGTGTATTTCTGCGCCAGCAGTGAGTC	1	2668
TRBV10-3	05N	GATGCTGGAATCACCCAGAGCCCAAGACACAAGGTCACAGAGACAGGAACACCAGTGACTCTGAGATGTCACCAGACTGAGAACCACCGCTACATGTACTGGTATCGACAAGACCCGGGGCATGGGCTGAGGCTAATCCATTACTCATATGGTGTTAAAGATACTGACAAAGGAGAAGTCTCAGATGGCTATAGTGTCTCTAGATCAAAGACAGAGGATTTCCTCCTCACTCTGGAGTCCGCTACCAGCTCCCAGACATCTGTGTACTTCTGTGCCATCAGTGAGTC	1	2668
TRBV10-3	07N	GATGCTGGAATCACCCAGAGCCCAAGACACAAGGTCACAGAGACAGGAACACCAGTGACTCTGAGATGTCACCAGACTGAGAACCACCGCTACATGTACTGGTATCGACAAGACCCGGGGCATGGGCTGAGGCTGATCCATTACTCATATGGTGTTAAAGATACTGACAAAGGAGAAGTCTCAGATGGCTATAGTGTCTCTAGATCAAAGACAGAGGATTTCCTCCTCACTCTGGAGTCCGCTACCAGCTCCCAGACATCTGTGTACTTCTGTGCCATCAGTGAGTC	1	2668
TRBV11-1	05N	GAAGCTGAAGTTGCCCAGTCCCCCAGATATAAGATTACAGAGAAAAGCCAGGCTGTGGCTTTTTGGTGTGATCCTATTTCTGGCCGTGCTACCCTTTATTGGTACCGGCAGATCCTGGGACAGGGCCCGGAGCTTCTGGTTCGATTTCAGGATGAGAGTGTAGTAGATGATTCACAGTTGCCTAAGGATCGATTTTCTGCAGAGAGGCTCAAAGGAGTAGACTCCACTCTCAAGATCCAGCCTGCAGAGCTTGGGGACTCGGCCATGTATCTCTGTGCCAGCAGCTTAGC	1	2668
TRBV11-3	06N	GAAGCTGGAGTGGTTCAGTCTCCCAGATATAAGATTATAGAGAAAAAACAGCCTGTGGCTTTTTGGTGCAATCCTATTTCTGGCCACAATACCCTTTACTGGTACCGGCAGAACTTGGGACAGGGCCCGGAGCTTCTGATTCGATATGAGAATGAGGAAGCAGTAGACGATTCACAGTTGCCTAAGGATCGATTTTCTGCAGAGAGGCTCAAAGGAGTAGACTCCACTCTCAAGATCCAGCCTGCAGAGCTTGGGGACTCGGCCGTGTATCTCTGTGCCAGCAGCTTAGA	1	2668
TRBV12-3	04N	GATGCTGGAGTTATCCAGTCACCCCGCCATGAGGTGACAGAGATGGGACAAGAAGTGACTCTGAGATGTAAACTAATTTCAGGCCACAACTCCCTTTTCTGGTACAGACAGACCATGATGCGGGGACTGGAGTTGCTCATTTACTTTAACAACAACGTTCCGATAGATGATTCAGGGATGCCCGAGGATCGATTCTCAGCTAAGATGCCTAATGCATCATTCTCCACTCTGAAGATCCAGCCCTCAGAACCCAGGGACTCAGCTGTGTACTTCTGTGCCAGCAGTTTAGC	1	2668
TRBV12-5	07N	GATGCTAGAGTCACCCAGACACCAAGGGACAAGGTGACAGAGATGGGACAAGAAGTAACAATGAGATGTCAGCCAATTTTAGGCCACAATACTGTTTTCTGGTACAGACAGACCATGAAGCAAGGACTGGAGTTGCTGGCTTACTTCCGCAACCGGGCTCCTCTAGATGATTCGGGGATGCCGAAGGATCGATTCTCAGCAGAGATGCCTGATGCAACTTTAGCCACTCTGAAGATCCAGCCCTCAGAACCCAGGGACTCAGCTGTGTATTTTTGTGCTAGTGGTTTGGT	1	2668
TRBV13	07N	GCTGCTGGAGTCATCCAGTCCCCAAGACATCTGATCAAAGAAAAGAGGGAAACAGCCACTCTGAAATGCTATCCTATCTCTAGACACGACACTGTCTACTGGTACCAGCAGGGTCCAGGTCAGGACCCCCAGTTCCTCATTTCGTTTTATGAAAAGATGCAGAGCGATAAAGGAAGCATCCCTGATCGATTCTCAGCTCAACAGTTCAGTGACTATCATTCTGAACTGAACATGAGCTCCTTGGAGCTGGGGGACTCAGCCCTGTACTTCTGTGCCAGCAGCTTAGG	1	2668
TRBV14	03N	GAAGCTGGAGTTACTCAGTTCCCCAGCCACAGCGTAATAGAGAAGGGCCAGACTGTGACTCTGAGATGTGACCCAATTTCTGGACATGATAATCTTTATTGGTATCGACGTGTTATGGGAAAAGAAATAAAATTTCTGTTACATTTTGTGAAAGAGTCTAAACAGGATGAATCCGGTATGCCCAACAATCGATTCTTAGCTGAAAGGACTGGAGGGACGTATTCTACTCTGAAGGTGCAGCCTGCAGAACTGGAGGATTCTGGAGTTTATTTCTGTGCCAGCAGCCAAGA	1	2668
TRBV18	02N	AATGCCGACGTCATGCAGAACCCAAGACACCTGGTCAGGAGGAGGGGACAGGAGGCAAGACTGAGATGCAGCCCAATGAAAGGACACAGTCATGTTTACTGGTATCGGCAGCTCCCAGAGGAAGGTCTGAAATTCATGGTTTATCTCCAGAAAGAAAATATCATAGATGAGTCAGGAATGCCAAAGGAACGATTTTCTGCTGAATTTCCCAAAGAGGGCCCCAGCATCCTGAGGATCCAGCAGGTAGTGCGAGGAGATTCGGCAGCTTATTTCTGTGCCAGCTCACCACC	1	2668
TRBV18	03N	AATGCCGGCGTCATGCAGAACCCAAGACACCTGGTCAGGAGGAGGGGACAGGAGGCAAGACTGAGATGCAGCCCAGTGAAAGGACACAGTCATGTTTACTGGTATCGGCAGCTCCCAGAGGAAGGTCTGAAATTCATGGTTTATCTCCAGAAAGAAAATATCATAGATGAGTCAGGAATGCCAAAGGAACGATTTTCTGCTGAATTTCCCAAAGAGGGCCCCAGCATCCTGAGGATCCAGCAGGTAGTGCGAGGAGATTCGGCAGCTTATTTCTGTGCCAGCTCACCACC	1	2668
TRBV19	05N	GATGGTGGAATCACTCAGTCCCCAAAGTACCTGTTCAGAAAGGAAGGACAGAATGTGACCCTGAGTTGTGAACAGAATTTGAACCACGATGCCATGTACTGGTACCGACAGGACCCAGGGCAAGGGCTGAGATTGATCTACTACTCACACATAGTAAATGACTTTCAGAAAGGAGATATAGCTGAAGGGTACAGCGTCTCTCGGGAGAAGAAGGAATCCTTTCCTCTCACTGTGACATCGGCCCAAAAGAACCCGACAGCTTTCTATCTCTGTGCCAGTAGTATAGA	1	2668
TRBV2	05N	GAACCTGAAGTCACCCAGACTCCCAGCCATCAGGTCACACAGATGGGACAGGAAGTGATCTTGCACTGTGTCCCCATCTCTAATCACTTATACTTCTATTGGTACAGACAAATCTTGGGGCAGAAAGTCGAGTTTCTGGTTTCCTTTTATAATAATGAAATCTCAGAGAAGTCTGAAATATTCGATGATCAATTCTCAGTTGAAAGGCCTGATGGATCAAATTTCACTCTGAAGATCCGGTCCACAAAGCTGGAGGACTCAGCCATGTACTTCTGTGCCAGCAGTGAAGC	1	2668
TRBV20-1	08N	GGTGCTGTCGTCTCTCAACATCCGAGCAGGGTTATCTGTAAGAGTGGAACCTCTGTGAAGATCGAGTGCCGTTCCCTGGACTTTCAGGCCACAACTATGTTTTGGTATCGTCAGTTCCCGAAAAAGAGTCTCATGCTGATGGCAACTTCCAATGAGGGCTCCAAGGCCACATACGAGCAAGGCGTCGAGAAGGACAAGTTTCTCATCAACCATGCAAGCCTGACCTTGTCCACTCTGACAGTGACCAGTGCCCATCCTGAAGACAGCAGCTTCTACATCTGCAGTGCTAGAGA	1	2668
TRBV20-1	09N	GGTGCTGTCGTCTCTCAACATCCGAGCAGGGTTATCTGTAAGAGTGGAACCTCTGTGAAGATCGAGTGCCGTTCCCTGGACTTTCAGGCCACAACTATGTTTTGGTATCGTCAGTTCCCGAAACAGAGTCTCATGCTGATGGCAACTTCCAATGAGGGCTCCAAGGCCACATACGAGCAAGGCGTCGAGAAGGACAAGTTTCTCATCAACCATGCAAGCCTGACCTTGTCCACTCTGACAGTGACCAGTGCCCATCCTGAAGACAGCAGCTTCTACATCTGCAGTGCTAGAGA	1	2668
TRBV20-1	12N	GGTGCTGTCGTCTCTCAACATCCGAGCTGGGTTATCTGTAAGAGTGGAACCTCTGTGAAGATCGAGTGCCGTTCCCTGGACTTTCAGGCCACAACTATGTTTTGGTATCGTCAGTTCCCGAAAAAGAGTCTCATGCTGATGGCAACTTCCAATGAGGGCTCCAAGGCCACATACGAGCAAGGCGTCGAGAAGGACAAGTTTCTCATCAACCATGCAAGCCTGACCTTGTCCACTCTGACAGTGACCAGTGCCCATCCTGAAGACAGCAGCTTCTACATCTGCAGTGCTAGAGA	1	2668
TRBV25-1	04N	GAAGCTGACATCTACCAGACCCCAAGATACCTTGTTATAGGCACAGGAAAGAAGATCACTCTGGAATGTTCTCAAACCATGGGCCATGACAAAATGTACTGGTATCAACAAGATCCAGGAATGGAACTACACCTCATCCACTATTCCTATGGAGTTAATTCCACAGAGAAGGGAGATCTTTCCTCTGAGTCAACAGTCTCCAGAATAAGGACGGAGCATTTTCCCCTGACCCTGGAGTCTGCCAGGCCCTCACATACCTCTCAGTACCTCTGTGCCAGCAGTGAATA	1	2668
TRBV27	02N	GAAGCCCAAGTGACCCAGAACCCAAGATACCTCATCACAGTGACTGGAAAGAAGTTAACAGTGACTTGTTCTCAGAATATGAACCATGAGTATATGTCCTGGTATCGACAAGACCCAGGGCTGGGCTTAAGGCAGATCTACTATTCAATGAATGTTGAGGCGACTGATAAGGGAGATGTTCCTGAAGGGTACAAAGTCTCTCGAAAAGAGAAGAGGAATTTCCCCCTGATCCTGGAGTCGCCCAGCCCCAACCAGACCTCTCTGTACTTCTGTGCCAGCAGTTTATC	1	2668
TRBV28	02N	GATGTGAAAGTAACCCAGAGCTCGAGATATCTAGTCAAAAGGATGGGAGAGAAAGTTTTTCTGGAATGTGTCCAGGATATGGACCATGAAAATATGTTCTGGTATCGACAAGACCCAGGTCTGGGGCTACGGCTGATCTATTTCTCATATGATGTTAAAATGAAAGAAAAAGGAGATATTCCTAAGGGGTACAGTGTCTCTAGAGAGAAGAAGGAGCGCTTCTCCCTGATTCTGGAGTCCGCCAGCACCAACCAGACATCTATGTACCTCTGTGCCAGCAGTTTATG	1	2668
TRBV4-1	05N	GACACTGAAGTTACCCAGACACCAAAACACCTGGTCATGGGAATGACAAATAAGAAGTCTTTGAAATGTGAACAACATATGGGGCACAGGGCTATGTATTGGTACAAGCAGAAAGCTAAGAAGCCACCGGAGCTCATGTTTGTCTACAGCTATGAGAAACTCTCTATAAATGAAAGTGTGCGAAGTCGCTTCTCACCTGAATGCCCCAACAGCTCTCTCTTAAACCTTCACCTACACGCCCTGCAGCCAGAAGACTCAGCCCTGTATCTCTGCGCCAGCAGCCAAGA	1	2668
TRBV4-1	07N	GACACTGAAGTTATCCAGACACCAAAACACCTGGTCATGGGAATGACAAATAAGAAGTCTTTGAAATGTGAACAACATATGGGGCACAGGGCTATGTATTGGTACAAGCAGAAAGCTAAGAAGCCACCGGAGCTCATGTTTGTCTACAGCTATGAGAAACTCTCTATAAATGAAAGTGTGCCAAGTCGCTTCTCACCTGAATGCCCCAACAGCTCTCTCTTAAACCTTCACCTACACGCCCTGCAGCCAGAAGACTCAGCCCTGTATCTCTGCGCCAGCAGCCAAGA	1	2668
TRBV4-2	04N	GAAACGGGAGTTACGCAGACACCAAGACACCTGGTCATGGGAATGACAAATAAGAAGTCTTTGAAATGTGAACAACATCTGGGTCATAACGCTATGTATTGGTACAAGCAAAGTGCTAAGAAGCCACTGGAGCTCATGTTTGTCTACAACTTTAAAGAACAGACTGAAAACAACAGTGTGCCAAGTCGCTTCTCACCTGAATGCCCCAACAGCTCTCACTTATTCCTTCACCTACACACCCTGCAGCCAGAAGACTCGGCCCTGTATCTCTGTGCCAGCAGCCAAGA	1	2668
TRBV5-4	05N	GACGCTGGAGTCACCCAAAGTCCCACACACCTGATCAAAACGAGAGGACAGCAAGTGACTCTGAGATGCTCTTCTCAGTCTGGGCACAACACTGTGTCCTGGTACCAACAGGCCCTGGGTCAGGGGCCCCAGTTTATCTTTCAGTATTATAGGAAGGAAGAGAATGGCAGAGGAAACTTCCCTCCTAGATTCTCAGGTCTCCAGTTCCCTAATGATAGCTCTGAGCTGAATGTGAACGCCTTGGAGCTGGACGACTCGGCCCTGTATCTCTGTGCCAGCAGCTTGG	1	2668
TRBV5-4	06N	GACGCTGGAGTCACCCAAAGTCCCACACACCTGATCAAAACGAGAGGACAGCAAGTGACTCTGAGATGCTCTTCTCAGTCTGGGCACAACACTGTGTCCTGGTACCAACAGGCCCTGGGTCAGGGGCCCCAGTTTATCTTTCAGTATTATAGGGAGGAAGAGAATGGCAGAGGAAACTTCCCTCCTAGATTCTCAGGTCTCCAGTTCCCTAATGATAGCTCTGAGCTGAATGTGAACGCCTTGGAGCTGGACGACTCGGCCCTGTATCTCTGTGCCAGCAGCTTGG	1	2668
TRBV5-4	07N	GACGCTGGAGTCACCCAAAGTCCCACACACCTGATCAAAACGAGAGGACAGCAAGTGACTCTGAGATGCTCTTCTCAGTCTGGGCACAACACTGTGTCCTGGTACCAACAGGCCCTGGGTCAGGGGCCCCAGTTTATCTTTCAGTATTATAGGGAGGAAGAGAATGGCAGAGGAAACTTCCCTCCTAGATTCTCAGGTCTCCAGTTCCCTAATGATAGCTCTGAGCTGAATGTGAATGCCTTGGAGCTGGACGACTCGGCCCTGTATCTCTGTGCCAGCAGCTTGG	1	2668
TRBV5-4	09N	GAGACTGGAGTCACCCAAAGTCCCACACACCTGATCAAAACGAGAGGACAGCAAGTGACTCTGAGATGCTCTTCTCAGTCTGGGCACAACACTGTGTCCTGGTACCAACAGGCCCTGGGTCAGGGGCCCCAGTTTATTTTTCAGTATTATAGGGAGGAAGAGAATGGCAGAGGAAACTTCCCTCCTAGATTCTCAGGTCTCCAGTTCCCTAATTATAGCTCTGAGCTGAATGTGAACGCCTTGGAGCTGGACGACTCGGCCCTGTATCTCTGTGCCAGCAGCTTGG	1	2668
TRBV5-5	04N	GACACTGGAGTCACCCAAAGTCCCACACACCTGATCAAAACGAGAGGACAGCAAGTGACTCTGAGATGCTCTCCTATCTCTGGGCACAAGAGTGTGTCCTGGTACCAACAGGTCCTGGGTCAGGGGCCCCAGTTTATCTTTCAGTATTATGAGAAAGAAGAGAGAGGAAGAGGAAACTTCCCTGATCGATTCTCAGCTCGCCAGTTCCCTAACTATAGCTCTGAGCTGAATGTGAACGCCTTGTTGCTGGGGGACTCGGCCCTGTATCTCTGTGCCAGCAGCTTGG	1	2668
TRBV5-6	06N	GACGCTGGAGTCACCCAAAGTCCCACACACCTGATCAAAACGAGAGGACAGCAAGTGACTCTGAGATGCTCTCCTAAGTCTGGGCATGACACTGTGTCCTGGTACCAACAGGCCCTGGGTCAGGGGCCCCAGTTTATCTTTCAGTATTATGAGGAGGAAGAGAGACAGAGAGGCAACTTCCCTGATCGATTCTCAGGTCACCAGTACCCTAACTATAGCTCTGAGCTGAATGTGAACGCCTTGTTGCTGGGGGACTCGGCCCTCTATCTCTGTGCCAGCAGCTTGG	1	2668
TRBV5-6	07N	GACGCTGGAGTCACCCAAAGTCCCACACACCTGATCAAAACGAGAGGACAGCAAGTGACTCTGAGATGCTCTCCTAAGTCTGGGCATGACACTGTGTCCTGGTACCAACAGGCCCTGGGTCAGGGGCCCCAGTTTATCTTTCAGTATTATGAGGAGGAAGAGAGACAGAGAGGCAACTTCCCTGATCGATTCTCAGGTCACCAGTACCCTAACTATAGCTCTGAGCTGAATGTGAATGCCTTGTTGCTGGGGGACTCGGCCCTCTATCTCTGTGCCAGCAGCTTGG	1	2668
TRBV5-6	09N	GACGCTGGAGTCACCCAAAGTCCCACACACCTGATCAAAACGAGAGGACAGCAAGTGACTCTGAGATGCTCTCCTAAGTCTGGGCATGACACTGTGTCCTGGTACCAACAGGCCCTGGGTCAGGGGCCCCAGTTTATCTTTCAGTATTATGAGGAGGAAGAGAGACAGAGAGGCAACTTCCCTGATGGATTCTCAGGTCACCAGTTCCCTAACTATAGCTCTGAGCTGAATGTGAACGCCTTGTTGCTGGGGGACTCGGCCCTCTATCTCTGTGCCAGCAGCTTGG	1	2668
TRBV5-8	06N	GAGGCTGGAGTCACACAAAGTCCCACACACCTGATCAAAACGAGAGGACAGCAAGCGACTCTGAGATGCTCTCCTATCTCTGGGCACACCAGTGTGTACTGGTACCAACAGGCCCTGGGTCTGGGCCTCCAGTTCCTCCTTTGGTATGACGAGGGTGAAGAGAGAAACAGAGGAAACTTCCCTCCTAGATTTTCAGGTCGCCAGTTCCCTAATTATAGCTCTGAGCTGAATGTGAATGCCTTGGAGCTGGAGGACTCGGCCCTGTATCTCTGTGCCAGCAGCTTGG	1	2668
TRBV5-8	07N	GAGGCTGGAGTCACACAAAGTCCCACACACCTGATCAAAACGAGAGGACAGCAAGTGACTCTGAGATGCTCTCCTATCTCTGGGCACACCAGTGTGTACTGGTACCAACAGGCCCTGGGTCTGGGCCTCCAGTTCCTCCTTTGGTATGACGAGGGTGAAGAGAGAAACAGAGGAAACTTCCCTCCTAGATTTTCAGGTCGCCAGTTCCCTAATTATAGCTCTGAGCTGAATGTGAACGCCTTGGAGCTGGAGGACTCGGCCCTGTATCTCTGTGCCAGCAGCTTGG	1	2668
TRBV5-8	08N	GAGGCTGGAGTCACACAAAGTCCCACACACCTGATCAAAACGAGAGGACAGCAAGTGACTCTGAGATGCTCTCCTATCTCTGGGCACACCAGTGTGTACTGGTACCAACAGGCCCTGGGTCTGGGCCTCCAGTTCCTCCTTTGGTATGACGAGGGTGAAGAGAGAAACAGAGGAAACTTCCCTCCTAGATTTTCAGGTCGCCAGTTCCCTAATTATAGCTCTGAGCTGAATGTGAATGCCTTGGAGCTGGAGGACTCGGCCCTGTATCTCTGTGCCAGCAGCTTGG	1	2668
TRBV6-6	06N	AATGCTGGTGTCACTCAGACCCCAAAATTCCACATCCTGAAGATAGGACAGAGCATGACACTGCAGTGTACCCAGGATATGAACCATAACTACATGTACTGGTATCGACAAGACCCAGGCATGGGGCTGAAGCTGATTTATTATTCAGTTGGTGCTGGTATCACTGATAAAGGAGAAGTCCCGAATGGCTACAACGTCTCCAGATCAACCACAGAGGATTTCCCGCTCAGGCTGGAGTTGGCTGCTCCCTCCCAGACATCTGTGTACTTCTGTGCCAGCAGTTACTC	1	2668
TRBV6-6	10N	AATGCTGGTGTCACTCAGACCCCAAAATTCCGCATCCTGAAGATAGGACAGAGCATGACACTGCAGTGTACCCAGGATATGAACCATAACTACATGTACTGGTATCGACAAGACCCAGGCATGGGGCTGAAGCTGATTTATTATTCAGTTGGTGCTGGTATCACTGATAAAGGAGAAGTCCCAAATGGCTACAACGTCTCCAGATCAACCACAGAGGATTTCCCGCTCAGGCTGGAGTTGGCTGCTCCCTCCCAGACATCTGTGTACTTCTGTGCCAGCAGTTACTC	1	2668
TRBV6-6	12N	AATGCTGGTGTCACTCAGACCCCAAAATTCCGCATCCTGAAGATAGGACAGAGCATGACACTGCAGTGTGCCCAGGATATGAACCATAACTACATGTACTGGTATCGACAAGACCCAGGCATGGGGCTGAAGCTGATTTATTATTCAGTTGGTGCTGGTATCACTGATAAAGGAGAAGTCCCGAATGGCTACAACGTCTCCAGATCAACCACAGAGTATTTCCCGCTCAGGCTGGAGTTGGCTGCTCCCTCCCAGACATCTGTGTACTTCTGTGCCAGCAGTTACTC	1	2668
TRBV6-9	05N	AATGCTGGTGTCACTCAGACCCCAAAATTCCACATCCTGAAGACAGGACAGAGCATGACACTGCAGTGTGCCCAGGATATGAACCATGGATACTTGTCCTGGTATCGACAAGACCCAGGCATGGGGCTGAGGCGCATTCATTACTCAGTTGCTGCTGGTATCACTGACAAAGGAGAAGTCCCCGATGGCTACAATGTATCCAGATCAAACACAGAGGATTTCCCGCTCAGGCTGGAGTCAGCTGCTCCCTCCCAGACATCTGTGTACTTCTGTGCCAGCAGTTATTC	1	2668
TRBV7-2	05N	GGAGCTGGAGTCTCCCAGTCCCCCAGTAACAAGGTCACAGAGAAGGGAAAGGATGTAGAGCTCAGGTGTGATCCAATTTCAGGTCATACTGCCCTTTACTGGTACCGACAGAGCCTGGGGCAGGGCCTGGAGTTTTTAATTTACTTCCAAGGCAACAGTGCACCAGACAAATCAGGGCTGCCCAGTGATCGCTTCTCTGCAGAGAGGACTGGGGGATCCGTCTCCACTCTGACGATCCAGCGCACACAGCAGGAGGACTCAGCCGTGTATCTCTGTGCCAGCAGCTTAGC	1	2668
TRBV7-3	08N	GGTGCTGGAGTCTCCCAGACCCCCAGTAACAAGGTCACAGAGAAGGGAAAATATGTAGAGCTCAGGTGTGATCCAATTTCAGGTCATACTGCCCTTTACTGGTACCGACAAAGCCTGGGGCAGGGCCCAGAGTTTCTAATTTACTTCCAAGGCACGGGTGCGGCAGATGACTCAGGGCTGCCCAACGATCGGTTCTTTGCAGTCAGGCCTGAGGGATCCGTCTCTACTCTGAAGATCCAGCGCACAGAGCGGGGGGACTCAGCCATGTATCTCTGTGCCAGCAGCTTAAC	1	2668
TRBV7-3	10N	GGTGCTGGAGTCTCCCAGACCCCCAGTAACAAGGTCACAGAGAAGGGAAAATATGTAGAGCTCAGGTGTGATCCAATTTCAGGTCATACTGCCCTTTACTGGTACCGACAAAGCCTGGGGCAGGGCCCAGAGTTTCTAATTTACTTCCAAGGCACGGGTGCGGCAGATGACTCAGGGCTGCCCAACGATCGGTTCTTTGCAGTCAGGCCTGAGGGATCCGTCTCTACTCTGAAGATCCAGCGCACAGAGCGGGGGTACTCAGCCGTGTATCTCTGTGCCAGCAGCTTAAC	1	2668
TRBV7-4	05N	GGTGCTGGAGTCTCCCAGTCCCCAAGGTACAAAGTCGCAAAGAGGGGACGGGATGTAGCTCTCAGGTGTGATTCAATTTCGGGTCATGTAACCCTTTATTGGTACCGACAGACCCTGGGGCAGGGCTCAGAGGTTCTGACTTACTCCCAGAGTGATGCTCAACGAGACAAATCAGGGCGGCCCAGTGGTCGGTTCTCTGCAGAGAGGCCTGAGAAATCCGTCTCCACTCTGAAGATCCAGCGCACAGAGCAGGGGGACTCAGCTGTGTATCTCTGTGCCAGCAGCTTAGC	1	2668
TRBV7-4	06N	GGTGCTGGAGTCTCCCAGTCCCCAAGGTACAAAGTCGCAAAGAGGGGACGGGATGTAGCTCTCAGGTGTGATTCAATTTCGGGTCATGTAACCCTTTATTGGTACCGACAGACCCTGGGGCAGGGCTCAGAGGTTCTGACTTACTCCCAGAGTGATGCTCAACGAGACAAATCAGGGCGGCCCAGTGGTCGGTTCTCTGCAGAGAGGCCTGAGAGATCCGTCTCCACTCTGAAGATCCAGTGCACAGAGCAGGGGGACTCAGCTGTGTATCTCTGTGCCAGCAGCTTAGC	1	2668
TRBV7-6	03N	GGTGCTGGAGTCTCCCAGTCTCCCAGGTACAAAGTCACAAAGAGGGGACAGGATGTAGCTCTCAGGTGTGATCCAATTTCAGGTCATGTATCCCTTTATTGGTACCGACAGGCCCTGGGGCAGGGCCCAGAGTTTCTGACTTACTTCAATTATGAAGCCCAACAAGACAAATCAGGGCTGCCCAATGATCGGTTCTCTGCAGAGAGGCCTGAGGGATCCATCTCCACTCTGACGATCCAGCGCACAGAGCAGCGGGACTCGGCCATGTATCGCTGTGCCAGCAGCTTAGC	1	2668
TRBV7-6	07N	GGTGCTGGAGTCTCCCAGTCTCCCAGGTACAAAGTCACAAAGAGGGGACAGGATGTAGCTCTCAGGTGTGATCCAATTTCGGGTCATGTATCCCTTTATTGGTACCGACAGGCCCTGGGGCAGGGCCCAGAGTTTCTGACTTACTTCAATTATGAAGCCCAACAAGACAAATCAGGGCTGCCCAATGATCGGTTCTCTGCAGAGAGGGCTGAGGGATCCATCTCCACTCTGACGATCCAGCGCACAGAGCAGCGGGACTCGGCCATGTATCGCTGTGCCAGCAGCTTAGC	1	2668
TRBV7-8	04N	GGTGCTGGAGTCTCCCAGTCCCCTAGGTACAAAGTCGCAAAGAGAGGACAGGATGTAGCTCTCAGGTGTGATCCAATTTCGGGTCATGTATCCCTTTTTTGGTACCAACAGGCCCTGGGGCAGGGGCCAGAGTTTCTGACTTATTTCCAGAATGAAGCTCAACTAGACAAATCGGGGCTGCCCAGTGATCGCTTCTTTGCAGAAAGGCCTGAGGGATCCGTCTCCACTCTGAAGATCCAGCGCACACAGCAGGAGGACCCCGCCGTGTATCTCTGTGCCAGCAGCTTAGC	1	2668
TRAJ18	03N	CCGACAGAGGCTCAACTCTGGGGAGGCTATACTTTGGAAGAGGAACTCAGTTGACTGTCTGGCCTG	1	2668
TRAJ24	05N	TGACAACTGACAGCTGGGGGAAATTGCAGTTTGGATCAGGGACCCAGGTTGTGGTCACCCCAG	1	2668
TRAJ26	02N	GGGATAACTATGGTCAGAATTTTGTCTTTGGTCCCGGAACCAGATTGTCCGCGCTGCCCT	1	2668
TRAJ3	02N	GGGGTACAGCAATGCTTCCAAGATAATCTTTGGATCAGGGACCAGACTCAGCATCCAGCCAA	1	2668
TRAJ31	03N	GGAATAACAATGCCAGACTCATGTTTGGAAATGGAACTCAGCTGGTGGTGAAGCCCA	1	2668
TRAJ32	04N	TGAATTATGGTGGTGCTACAAACAAGCTCATCTTTGGAAGTGGCACTCTGCTTGCTGTCCAGCCAA	1	2668
TRAJ38	05N	TAATGCTGGCAACAACCGTAAGCTGATTTGGGGATTGGGAACAAGCCTGGGAGTAAATCCGA	1	2668
TRAJ41	02N	GAACTCAAATTCCGGGTATGAACTCAACTTCGGCAAAGGCACCTCGCTGTTGGTCACACCCC	1	2668
TRAJ44	03N	TAAATACCGGCACTGCCAGTAAACTCACCTTTGGGACTGGAACAAGACTTCAGGTCATGCTCG	1	2668
TRAJ47	03N	TGGAATATAGAAACAAACTGGTCTTTGGCGCAGGAACCATTCTGAGAGTCAAGTCCT	1	2668
TRAJ47	04N	TGGAATATGGAAACAAACTGGTCTTTGGCACAGGAACCATTCTGAGAGTCAAGTCCT	1	2668
TRAJ47	06N	TGGAATATGGAAACAAGCTGGTCTTTGGCGCAGGAACCATTCTGAGAGTCAAGTCCT	1	2668
TRAJ5	02N	TGGACATGGGCAGGAGAGCACTTACTTTTGGGAGTGGAACAAGACTCCAAGTGCAACCAA	1	2668
TRAJ52	02N	CTAATGCTGGTGGTACTAGCTACGGAAAGCTGACATTTGGACAAGGGACCATCTTGACTGTCCATCCAA	1	2668
TRAJ52	04N	CTAATGCTGGTGGTACTAGCTATGGAAAGCTGACTTTGGACAAGGGACCATCTTGACTGTCCATCCAA	1	2668
TRAJ57	04N	TAACTCAGGGCGGATCTGAAAAGCTGGTCTTTGGAAAGGGAATGAAACTGACAGTAAACCCAT	1	2668
TRAJ9	02N	GGAAATACTGGAGGCTTCAAAACTATCTTTGGAGCAGGAACAAGACCATTTGTTAAAGCAA	1	2668
TRBJ1-2	04N	CTAACTATGGCTACACCTTCGGTTCGGGGACCAGGTTAACCATTGTAG	1	2668
